{"abnormality_abnormality": 0.4276119164393705, "abnormality_anatomy": 0.6240929990607657, "abnormality_disease": 0.0034478181112993847, "abnormality_non-abnormality": 0.5431049700217344, "abnormality_non-disease": 0.27005425386213877, "anatomy_abnormality": 0.7487824274337533, "anatomy_anatomy": 0.2856134859160784, "anatomy_disease": 0.4592143222158069, "anatomy_non-abnormality": 0.02097055139911715, "anatomy_non-disease": 0.00013736314126696204, "disease_abnormality": 0.8396510075734789, "disease_anatomy": 0.9950209388542061, "disease_disease": 0.8460555030578727, "disease_non-abnormality": 0.9820689020512646, "disease_non-disease": 0.3789136708096537, "non-abnormality_abnormality": 0.16546764653692908, "non-abnormality_anatomy": 0.018670610691852826, "non-abnormality_disease": 0.719397354576018, "non-abnormality_non-abnormality": 0.0009357166071730684, "non-abnormality_non-disease": 0.0927333564267591, "non-disease_abnormality": 0.7759420231214385, "non-disease_anatomy": 0.1839139293714062, "non-disease_disease": 0.10073046076318157, "non-disease_non-abnormality": 0.03860183811876373, "non-disease_non-disease": 0.34065681486566446, "neg_weight":0.8716553966489615}