{"abnormality_abnormality": 0.4070293318365468, "abnormality_anatomy": 0.6952639610605605, "abnormality_disease": 0.28342529466226446, "abnormality_non-abnormality": 0.9479148658006686, "abnormality_non-disease": 0.23875064111146294, "anatomy_abnormality": 0.5829759950441763, "anatomy_anatomy": 0.7709590751917746, "anatomy_disease": 0.0006059634829551632, "anatomy_non-abnormality": 0.794672584951181, "anatomy_non-disease": 0.27982942400798977, "disease_abnormality": 0.8840397619834857, "disease_anatomy": 0.9637659445696822, "disease_disease": 0.19018958438059513, "disease_non-abnormality": 0.6962283914800402, "disease_non-disease": 0.943727057946997, "non-abnormality_abnormality": 0.1712744286898638, "non-abnormality_anatomy": 0.4485149671497294, "non-abnormality_disease": 0.00045065329822896076, "non-abnormality_non-abnormality": 0.0007887930317199857, "non-abnormality_non-disease": 0.8555432840895761, "non-disease_abnormality": 0.9555801066212176, "non-disease_anatomy": 0.13122106162635216, "non-disease_disease": 0.6072996585919443, "non-disease_non-abnormality": 0.05650711141169969, "non-disease_non-disease": 0.3214769399791204, "neg_weight":0.3611577852354489}