{"abnormality_abnormality": 0.38333811268900353, "abnormality_anatomy": 0.524104047030107, "abnormality_disease": 0.923737018237504, "abnormality_non-abnormality": 0.52192782632639, "abnormality_non-disease": 0.09090975714641883, "anatomy_abnormality": 0.5455639078951555, "anatomy_anatomy": 0.626496536178074, "anatomy_disease": 0.6437623942176629, "anatomy_non-abnormality": 0.8479489992919492, "anatomy_non-disease": 0.11194478418886475, "disease_abnormality": 0.8598321916682581, "disease_anatomy": 0.37507211703215715, "disease_disease": 0.5462324461459105, "disease_non-abnormality": 0.8552179351076601, "disease_non-disease": 0.6815724040730634, "neg_weight": 0.786728804814, "non-abnormality_abnormality": 0.6456808357648485, "non-abnormality_anatomy": 0.3722718146905089, "non-abnormality_disease": 0.23592975602491242, "non-abnormality_non-abnormality": 0.02307311214300464, "non-abnormality_non-disease": 0.2791242506609838, "non-disease_abnormality": 0.14219022374586918, "non-disease_anatomy": 0.5458139289243846, "non-disease_disease": 0.0845070074347237, "non-disease_non-abnormality": 0.9484343180305856, "non-disease_non-disease": 0.9387816097414258}